Names,Rent identity
1 bedroom in Denton TX 76201,['$851 ']
1 bedroom in Denton TX 76208,['$863 ' '$864 ']
1 bedroom in Denton TX 76209,['$845 ']
1 bedroom in Denton TX 76210,['$879 ']
"1 br, 1 bath House - 2306 W Hickory St","['$1,295 ']"
1000 Gregg St,"['$1,200 ']"
1000 S Ave B,"['$1,650 ']"
1001 Ross,"['$1,287 - $3,491' '$1,287 - $3,491']"
1004 W Hickory St,"['$1,300 ']"
1009 S Avenue B Unit 1,"['$1,250 ']"
1017 Collier St,"['$1,100 ']"
102 Bentwood Ct,"['$1,250 ']"
1026 Thomas St,"['$2,200 ']"
1026 W Hickory St,"['$3,500 ']"
1102 Savage Dr,"['$1,980 ']"
1108 N Elm St Unit 1,['$995 ']
1108 Neff St Unit 3,['$925 ']
1110 Wilson St,"['$1,150 ']"
1112 Tallahassee Dr,"['$2,350 ']"
1114 Oakwood Dr,"['$1,650 ']"
116 Hann St Unit 1,"['$1,250 ']"
116 Samuel St,"['$2,000 ']"
117 S Elm St,"['$2,600 ']"
1203 Peak St,"['$1,695 ']"
1236 Wilson Dr,"['$4,800 ']"
130 Springtree St,"['$2,430 ']"
14 Fifty-One ALL INCLUSIVE *Student Living*,['$740 - $960']
1405 Canvas Wy,"['$3,510 ']"
1409 Black Oak Dr,"['$2,195 ']"
1409 Canvas Wy,"['$2,985 ']"
1410 Park Palisades Dr,"['$1,995 ']"
1415 Margie,"['$1,250 ']"
1416 Country Club Rd,"['$5,450 ']"
1420 Eufemia Dr,"['$2,355 ']"
1502 Peak Street,['$895 - $975']
1504 Misty Glen,"['$2,275 ']"
1507 Mingo Rd,['$825 ']
1515 Marbellas Ct,"['$4,100 ']"
16TEN East,"['$950 - $1,475']"
1717 N Locust St,"['$1,400 ']"
1803 Willowwood St,"['$1,800 ']"
1804 Spinnaker Dr,"['$2,600 ']"
1809 Spinnaker Dr,"['$2,400 ']"
1821 Vintage Dr,"['$3,000 ']"
1828 Andover Ln,"['$2,475 ']"
1900 Elm,"['$1,064 - $3,620']"
1900 McKinney Avenue,"['$2,835 - $8,389']"
1900 Pacific Residences,"['Call for Rent' '$1,825 - $2,695']"
1902 Spring Valley Dr,"['$2,200 ']"
1907 Camden Ct,"['$1,400 ']"
1908 Jasmine St,"['$2,050 ']"
1908 Tawny Dr,"['$2,400 ']"
1913 Mack Plz,"['$2,250 ']"
1916 Cornell Ln,"['$2,400 ']"
"2 br, 1 bath House - 2109 N Elm St","['$1,695 ']"
"2 br, 2.5 bath House - 929 Hickory St. # 17","['$1,700 ']"
2000 Lee Dr,"['$1,895 ']"
2006 Lee Dr,"['$1,800 ']"
205 E Windsor Dr,"['$1,850 ']"
2104 Moonsail Ln,"['$2,675 ']"
216 Bluebird Cir,"['$1,800 ']"
216 Maple St,"['$1,250 ']"
2160 Crockett Dr,"['$3,081 ']"
218 N Texas Blvd Unit 309,"['$1,500 ']"
2202 Barton Springs Dr,"['$2,100 ']"
2217 Lookout Ln,"['$2,000 ']"
2221 Greystone Dr,"['$2,300 ']"
2239 Berniece Jones Rd Unit 1,"['$2,400 ']"
2309 Vanderbilt Ct,"['$1,595 ']"
2310 Birchbrook Ct,"['$2,000 ']"
2324 Northway,"['$2,099 ']"
2420 Louise St Unit 1,"['$1,175 ']"
2421 Wildwood Lane,"['$1,995 ']"
2425 Denison St,"['$1,695 ']"
2425 Louise St,['$950 ']
2425 louise St Unit 1,['$950 ']
2428 W Prairie St,['$730 ']
2512 Rugby Ln,"['$1,950 ']"
2521 Champlain Ln,"['$3,800 ']"
2601 Stone Mantle Ln,"['$3,099 ']"
2609 Pinto Dr,"['$2,500 ' '$2,520 ']"
2628 Fondren Rd,"['$1,925 ']"
2704 CDMX,"['$970 - $2,276']"
2708 Weslayan Dr,"['$2,450 ']"
2716 Moncayo Dr,"['$2,100 ']"
2801 Royal Acres Dr,"['$2,199 ']"
2929 Wycliff,"['$2,070 - $6,296' '$1,519 - $2,740']"
"3 br, 2 bath House - 1208 Tulane Drive","['$1,850 ']"
"3 br, 2 bath House - 1917 Fordham Lane","['$1,850 ']"
"3 br, 2 bath House - 408 Mimosa Dr","['$2,500 ']"
"3 br, 3 bath House - 2616 Arabian","['$2,395 ']"
3000 Montebello Drive,"['$2,650 ']"
3004 Penniman Rd,"['$2,005 ']"
3009 Barnes Dr,"['$2,345 ']"
3025 Montclair Pl,"['$1,885 ']"
304 Wilson Way,"['$2,300 ']"
308 Moss Cove Dr,"['$2,700 ']"
3108 Union Lake Rd,"['$2,300 ']"
3112 Blue Jay Dr,"['$2,495 ']"
3113 Lighthouse Dr,"['$2,155 ']"
312 Foxwood Cir,"['$2,020 ']"
313 Denton St E,"['$2,750 ']"
317 Tripp Trail,"['$2,450 ']"
32hundred Windsor,"['$1,395 - $2,965']"
3301 Doris Dr,"['$2,710 ']"
3312 Daniel Ave,"['$1,795 ']"
3313 Gardenview Cir,"['$1,575 ']"
3316 Sunnydale Ln,"['$1,695 ']"
"3325 Bent Creek Dr, Denton","['$2,125 ']"
3409 Cricket Dr,"['$2,000 ']"
3505 Lipizzan Dr,"['$2,245 ']"
3520 Brentwood Dr,"['$2,280 ']"
3525 Normandy,"['$8,300 ']"
3529 Camino Real Trail,"['$2,000 ']"
3600 Lakeview Blvd,"['$4,000 ']"
3608 Marianne Cir,"['$3,200 ' '$3,200 ']"
3616 Doris Dr,"['$2,480 ']"
3616 Jackson Hollow,"['$2,850 ']"
3700M,"['$2,075 - $4,567']"
3713 Camino Real Trail,"['$2,100 ']"
3725 Logan Dr,"['$2,400 ']"
3800 Titan Trail,"['$1,595 ']"
3908 Windy Point Dr,"['$2,745 ']"
3914 Winston Dr,"['$2,410 ']"
3917 Madison Ln,"['$2,980 ']"
3920 Winston Dr,"['$2,200 ']"
3925 N Elm St Unit 4 - 4210.1205506,"['$2,422 ']"
3925 N Elm St Unit 4 - 4304.916014,"['$2,055 ']"
"4 br, 2 bath House - 1907 Whippoorwill Ln","['$1,999 ']"
"4 br, 2.5 bath Duplex - Galante Townhomes ...","['$2,295 ']"
400 Lakeview Blvd Unit B,"['$1,700 ']"
400 North Ervay,"['$1,620 - $3,990']"
4005 Madison Ln,"['$2,980 ']"
403 Bryan St Unit 107,['$950 ']
404 Industrial Park,"['$1,145 - $1,795']"
405 Hogan Dr,"['$2,800 ']"
406 W Highland St,"['$1,250 ']"
4060 Preferred Place,"['$955 - $1,340']"
4110 Fairmount,"['$1,337 - $6,169']"
4123 Cedar Springs,"['$1,501 - $3,184']"
415 N Ruddell St,"['$1,850 ']"
4304 Lost Creek Rd,"['$2,300 ']"
4308 Vinyard Way,"['$2,495 ']"
4500 Lacewood Dr,"['$2,500 ']"
4501 Claret Ct,"['$1,995 ']"
4520 Shagbark Dr,"['$2,400 ']"
4525 Teasley Ln,"['$2,800 ']"
4600 Hammerstein Blvd,"['$3,295 ' '$3,295 ']"
4600 Ross,"['$1,392 - $6,473']"
46Eleven Apartments,"['$1,305 - $1,385']"
4701 Beaver Creek Ave,"['$2,429 ']"
4713 Fox Sedge Ln,"['$2,200 ']"
4912 Gaston,"['$1,250 - $1,545']"
5 Mockingbird Apartments,"['$1,440 - $5,517']"
5004 Stillhouse Hollow Ln,"['$3,500 ']"
5005 San Jacinto,"['$1,200 - $1,600']"
5017 Spyglass Ln,"['$2,850 ']"
5049 Golden Cir,"['$3,750 ']"
5301 Tartan Cir,"['$2,400 ']"
5304 Whiting Way,"['$2,095 ']"
5312 Sea Cove Ln,"['$2,250 ']"
5403 Green Ivy Rd,"['$2,200 ']"
5408 Del Rey Dr,"['$1,950 ']"
5409 Pagewood Dr,"['$2,595 ']"
5417 Galante Ln,"['$2,150 ']"
5425 Dolores Pl,"['$2,000 ']"
5521 Dolores Pl,"['$2,000 ']"
555 Ross,"['$1,469 - $2,428']"
5604 Parkplace Dr,"['$2,695 ']"
5817 Marsh Rail Dr,"['$2,250 ']"
6005 English Saddle Ln,"['$2,545 ']"
601 Bolivar St,"['$1,795 ']"
6112 Moor Hen Drive,"['$1,920 ']"
612 London place,"['$999 ' '$1,250 ']"
6212 Thoroughbred Trail,"['$2,400 ']"
627 Woodland St,"['$2,850 ']"
6287 Pockrus Page Rd,"['$1,195 ']"
6289 Desert Holly Way,"['$2,400 ']"
6428 Meandering Creek Dr,"['$2,800 ']"
6709 Roaring Creek,"['$2,645 ']"
700 Cypress St,"['$1,550 ']"
716 Ticonderoga Dr,"['$2,568 ' '$2,568 ']"
718 Frame St,"['$1,900 ']"
721 Alexander St,"['$1,695 ']"
7713 Settlement Dr,"['$1,950 ']"
7900 at Park Central,"['$1,635 - $5,125' '$1,162 - $2,513']"
801 LasCo,"['$1,700 - $7,153' '$1,683 - $7,153']"
808 Oak Valley,"['$2,095 ']"
820 Rose St,"['$1,895 ']"
828 Abbots Ln,"['$2,500 ']"
8308 Swan Park Dr,"['$1,945 ']"
8605 Mild Creek Ln,"['$1,995 ']"
8708 Seven Oaks Ln,"['$1,900 ']"
8744 Dayton Dr,"['$3,050 ']"
880 LYN,"['$1,551 - $4,425' '$1,551 - $4,425']"
904 Duncan St,"['$1,900 ']"
904 Summer Stream Rd,"['$2,300 ']"
904 W Oak St,"['$3,000 ']"
905 Summer Stream Rd,"['$1,999 ']"
929 W Hickory St Unit A-11,"['$1,550 ']"
930 Montgomery Way,"['$3,000 ']"
9505 Toledo Bend Dr,"['$2,500 ']"
9512 Lindenwood Trail,"['$3,000 ']"
9517 Meadowpark Dr,"['$2,600 ']"
98Fifty,"['$1,025 - $1,130' '$823 - $2,002']"
9944 on Walnut,"['$1,025 - $1,100']"
ALARA Uptown Luxury Apartments,"['$1,641 - $4,099']"
AMLI Addison,"['$1,643 - $3,771']"
AMLI Campion Trail,"['$1,515 - $3,015']"
AMLI Fountain Place,"['$2,301 - $6,852' '$1,178 - $1,865' '$2,301 - $6,852']"
AMLI Las Colinas,"['$1,581 - $3,354']"
AMLI on Riverside,"['$1,623 - $3,364']"
AVA Apartments,"['$1,010 - $1,550']"
AVANT on Market Center,"['$1,454 - $2,831']"
Ablon at Harbor Village,"['$1,534 - $3,154' '$1,534 - $3,154']"
Abstract at Design District,"['$1,440 - $3,317' '$1,415 - $2,775' '$1,415 - $2,775' '$1,435 - $3,317']"
Across The Street Apartments,"['$700 - $1,125']"
Adair Off Addison,"['?' '$1,104 - $1,860']"
Addison Keller Springs,"['$1,426 - $2,689']"
Adira,"['$940 - $1,345']"
Alders at Rockwall,"['$2,094 ']"
Alena Apartments,"['$1,087 - $1,874']"
Alesio Urban Center,"['$1,005 - $5,135']"
Alexan Lower Greenville,"['$1,745 - $4,480']"
Alexander Court (old),"['$1,300 - $1,650']"
Allora Denton,"['$1,380 - $2,020']"
Allure North Dallas,"['$1,118 - $2,229']"
Alto Highland Park,"['$2,331 - $16,248']"
Alton,"['$2,160 - $12,935']"
Ambrose,"['$1,332 - $2,930' '$1,429 - $2,429']"
Andalusian Gate,"['$1,320 - $2,330']"
Anthem Valley Ranch,"['$1,435 - $3,580']"
Apartments at M-Streets,"['$1,045 - $1,580']"
Apartments at the Sound,"['$1,700 - $10,741']"
Apex,"['$1,532 - $2,696']"
Arbors of Denton,"['$619 - $1,274']"
Archer Medical District,"['$1,230 - $3,120' '$1,200 - $2,405']"
Ardan,"['$2,254 - $6,918']"
Arpeggio Apartments,"['$1,096 - $1,654' '$1,670 - $3,825']"
Arrive West End,"['$1,630 - $2,400']"
Arrive on University,"['$1,590 - $2,885']"
Ascent Victory Park,"['$2,354 - $16,781']"
Ascent at Midtown(old),"['?' '$899 - $1,199']"
Ash at the Branch,"['$1,610 - $5,225']"
Ashwood Park Apartments,"['$889 - $1,559']"
Aspen Creek,"['$956 - $2,350']"
Aspen at Mercer Crossing,"['$1,479 - $4,961']"
Aspire Apartments,"['$1,064 - $1,264']"
Aster,"['$2,555 - $15,639']"
Atelier,"['$1,850 - $14,855' '$759 - $1,264' '$1,850 - $14,855']"
Atera Apartments,"['$1,297 - $3,159']"
"Atlas Point at Prestonwood, 55+ Apartments","['$1,205 - $3,005']"
Avalon 8801,"['$1,594 - $1,928']"
Aventine at Kessler,"['$1,190 - $1,620']"
Avondale Parc @ Bellmar,"['$920 - $1,765']"
Axis 3700 Apartments,"['$1,510 - $3,630']"
Axis Kessler Park,"['$1,535 - $3,445']"
Azure Urban Living,"['$935 - $1,325']"
BENT TREE TRAILS,"['$1,295 - $2,050']"
Bachman Place,"['$1,098 - $1,410']"
Bahama Glen Apartments,"['$875 - $1,410']"
Bandera at Preston Hollow,"['$1,836 - $4,592' '$831' '$1,836 - $4,592']"
Beall Way,"['$2,005 - $2,268']"
Bel Air on Maple,"['$950 - $1,525']"
Bell Katy Trail,"['$1,585 - $4,132']"
Bell Knox District,"['$1,795 - $4,793']"
Bella Vida,"['$1,091 - $1,437']"
Bella Vista Creek,"['?' '$780 - $1,128']"
Bella Vista Pointe Apartments,"['?' '$785 - $1,400']"
Bella Vista Sol,"['$850 - $1,350']"
Bellrock Bishop Arts,"['$1,881 - $3,368']"
Belmont at Duck Creek,"['$1,339 - $2,120']"
Bent Oaks Apartments,['Call for Rent']
Bent Tree Apartments,"['$1,000 - $1,300']"
Bent Tree Park Apartments,"['$985 - $1,715']"
Berkshire Medical District,"['$1,399 - $2,422']"
Birch Apartment Homes,"['$915 - $2,659']"
Birchwood Apartment Homes,"['$878 - $1,465']"
Bishop Highline,"['$1,399 - $2,504']"
Bluffs at Lakewood,"['$1,095 - $2,189']"
Bluffs at Midway Hollow,"['$1,302 - $3,526']"
Boardwalk at Mercer Crossing,"['$1,470 - $3,438']"
Bonnie Green Apartments,"['$850 - $1,100']"
Bosque Estates Apartments,"['$1,015 - $1,975']"
Brady,"['$2,235 - $11,520']"
Brick Row Apartments,"['$1,315 - $3,005']"
Bridgeport,"['$1,072 - $1,856']"
Bridges at Deer Run,"['$1,077 - $2,120']"
Bristol Apartment Living,"['$1,230 - $2,532']"
Broadway Apartments,"['$955 - $1,425']"
Brooklyn @ 9670,"['$795 - $1,479']"
Buckner Park Lofts,['Call for Rent']
Buena Vista Estates Apartments,"['$920 - $1,490' '$935 - $1,075']"
Butler Brothers Building,['Call for Rent']
"CDI Crow, LLC","['$2,800 ']"
CITY NORTH,"['$1,270 - $2,247']"
Camino Del Sol Apartment Homes,"['$971 - $1,898']"
Canopy at South Lakes,"['$1,265 - $3,069']"
Cantera Crossing,"['$785 - $1,400' '$1,040 - $1,822']"
Canvas at Denton,"['$2,110 - $3,850']"
Carillon Apartments,"['$890 - $2,002']"
Carlisle On The Katy Trail,"['$815 - $1,900']"
Carlisle and Vine,"['$1,843 - $9,799']"
Carolyn,"['$1,720 - $2,805']"
Carrara at Cole,"['$1,350 - $1,750' '$967 - $1,701' '$1,768 - $3,093']"
Carrollton Park Of North Dallas,"['$1,285 - $2,271']"
Casa De Loma Apartments,"['$855 - $1,625']"
Casa Luna Apartments,"['$900 - $1,305']"
Casa Pacifica Apartments,"['$951 - $2,060']"
Casa Tremont,"['$1,050 ']"
Casa Valencia,"['$1,040 - $1,822']"
Casa View Apartments,['?']
Cedar Crossing,['?']
Cedar Glen South,"['$945 - $1,380']"
Cedar at the Branch,"['$1,720 - $4,715']"
Centerpoint Apartments,"['$1,045 - $1,563']"
Central Park,"['$1,093 - $2,255']"
Century Lake Highlands,"['$1,396 - $3,584']"
Century Medical District,"['$1,134 - $4,115']"
Champions of North Dallas Affordable Apart...,"['$1,183 - $1,554']"
Charming 3 bedroom home in Denton!,"['$1,950 ' '$2,075 ']"
Chatham Court and Reflections,"['$1,019 - $1,565']"
Chimney Hill,"['$1,332 - $2,930' '$1,035 - $1,930']"
Churchill on the Park,"['$1,189 - $2,249' '$1,470 - $2,242']"
Cirque,"['$1,349 - $1,405']"
Citadel,"['$1,626 - $2,045']"
City Limits Apartments,"['$930 - $1,360']"
Cityplace Heights,"['$1,490 - $2,905']"
Claremont,"['$925 - $1,250']"
Clark Ridge Canyon,"['$1,240 ']"
Claro Court,"['$800 - $1,200']"
Cole Place,"['$800 - $1,250']"
Colonnade at Willow Bend,"['$1,534 - $2,357']"
Communities of Bent Tree,"['$837 - $2,630']"
Concrete Jungle Properties-DALLAS,"['$1,150 - $1,995']"
Concrete Jungle Properties-DENTON,"['$850 - $1,350']"
Cooper Denton,"['$1,380 - $2,050']"
Cornell Midtown,"['$1,519 - $5,256']"
Cornerstone Apartments,"['$850 - $1,050']"
Coronado Apartments,"['$3,275 - $3,800' '$950 - $1,525']"
Coronado Villas,"['$720 - $1,700']"
Cortland Farmers Market,"['$1,647 - $3,563']"
Cortland La Villita,"['$1,524 - $2,569']"
Cortland M-Line,"['$1,724 - $5,394' '$1,549 - $2,848' '?']"
Cortland MacArthur,"['$1,462 - $2,677']"
Cortland North Dallas,"['$1,131 - $2,168']"
Cortland Oak Lawn,"['$1,417 - $2,121' '$1,185']"
Cortland Waters Edge,"['$1,768 - $3,093']"
Cortland at West Village,"['$1,069 - $1,350' '$1,423 - $3,886']"
Cottonwood Dallas,"['$925 - $1,560']"
Country Park Apartment Homes,"['$931 - $1,264']"
Courthouse Apartments,"['$1,200 - $2,300']"
Courts of Bent Tree,"['$1,740 - $2,800']"
Covington Pointe Apartments,"['$1,370 - $1,730']"
Crest at Las Colinas Station,"['$1,707 - $6,193']"
Crest at Park Central,"['$1,509 - $2,571' '$935 - $1,595' '$1,304 - $2,930']"
Cross Creek Apartments,"['$970 - $2,613']"
Crossings on Marsh Apartments,"['$1,094 - $1,524']"
Cutters Point Apartment Homes,"['$1,217 - $2,838']"
Cypress at Trinity Groves,"['$1,214 - $3,196']"
Dallas North Park,"['?' '$1,352 - $2,135']"
Dallas Urby,"['$1,978 - $4,175' '$780 - $1,128' '$1,978 - $4,175']"
Davenport Apartments,"['$1,000 - $2,348']"
Deep Ellum Lofts,"['$2,070 - $6,296' '$1,100 - $1,150' '$1,433 - $2,772']"
Del Rey Village,"['$1,075 - $1,780']"
Delante Apartments,"['$1,605 - $2,810']"
Discovery Park Apartments,"['$1,415 - $2,270']"
District at Greenville Apartments,"['$1,310 - $3,666']"
Domain at Midtown Park,"['$1,324 - $4,392']"
Dominion at Mercer Crossing,"['$1,374 - $2,654']"
Doverhouse,"['$1,750 ']"
Dunhill Apartments,"['$1,399 - $2,486']"
Eagle Creek Apartments,"['$990 - $1,485']"
East End Lofts at the Railyard,"['$1,350 - $2,505']"
East Quarter Residences,"['$2,005 - $19,400' '?' '$2,005 - $19,400']"
Eastbridge Apartments,"['$1,712 - $3,614']"
Eastgrove,"['$1,404 - $2,682' '$817 - $1,476']"
Eastline Residences,"['$1,997 - $6,144']"
Eastshore on Lake Carolyn,"['$1,465 - $4,180']"
Echelon at Reverchon Bluffs,"['$3,446 - $4,454']"
Echo @ Midtown,"['$1,362 - $2,140']"
Echo Apartments,"['$815 - $1,595' '$1,399 - $4,370']"
Echo Park,"['$996 - $1,093']"
Eighteen 51 Brinker,"['$1,499 - $2,499']"
Elan Denton,"['$1,601 - $2,420']"
Elan at Bluffview,"['$1,271 - $2,950']"
Ele,"['$1,524 - $4,105']"
Eleven10 at Farmers Market,"['$1,415 - $2,775' '$1,465 - $3,155' '$1,465 - $3,155' '$1,425 - $2,785']"
Eleven600 Apartments,"['$1,053 - $1,383']"
Emerald Lane,"['$1,050 ']"
Enclave At Prestonwood,"['$925 - $1,937']"
Epic Apartments,"['$1,275 - $1,735']"
Epoch on Eagle,"['$1,250 - $2,295']"
Essence North Dallas,"['$1,181 - $2,254']"
Essence on Maple,"['$1,600 - $2,634']"
Estancia Estates,"['$906 - $1,630']"
Estancia Hills,"['$1,500 - $1,575']"
Estancia Townhomes,"['$2,279 - $4,157']"
Estates On Frankford,"['$1,454 - $2,556']"
Estrella at Kiest,"['$1,423 - $3,886']"
Eureka Village - Free Internet & Cable,"['$1,100 - $1,400']"
Evaline,"['$1,415 - $2,420']"
Everra Midtown Park,"['$1,480 - $3,523']"
Everwood Apartments,"['$1,081 - $1,734']"
Evoke,"['$1,210 - $3,020']"
Exchange 7272,"['$930 - $1,645']"
Experience Dallas living at Village Oaks A...,"['$1,025 - $1,195']"
Factory Design District,"['$1,145 - $2,160']"
Fairways at Prestonwood,"['$1,350 - $2,311']"
Falls on Clearwood Apartments,"['$1,170 - $1,485']"
Fiori on Vitruvian ParkÂ®,"['$1,695 - $3,066']"
Fitzhugh Urban Flats,"['$1,810 - $2,930']"
Florence at the Harbor,"['$1,335 - $4,000']"
Forest Hills,"['$1,084 - $1,507']"
Forest Ridge,"['$1,406 - $3,167' '$1,305 - $1,780' '$929 - $1,570']"
Forty200,"['$850 - $1,343']"
Forum at Denton Station,"['$599 - $1,195']"
Fountain Pointe Las Colinas,"['$1,601 - $4,562']"
Fountains of Denton,"['$1,295 - $3,003']"
Fountains of Rosemeade,"['$1,037 - $1,840']"
Fox Hills Apartments,"['$894 - $2,064']"
Frankford Flats Apartments,"['$1,099 - $1,740']"
GREEN HOUSE FLATS,"['$699 - $1,505' '$1,570 - $3,737' '$1,483 - $2,772' '$1,715 - $3,780'
 '$699 - $1,505']"
Gables Katy Trail,"['$1,389 - $2,753']"
Gables McKinney Ave,"['$1,733 - $9,233']"
Gables Mirabella,"['$1,414 - $2,779' '$1,441 - $3,742']"
Gables Park 17,"['$2,051 - $10,212']"
Gables Republic Tower,"['$1,570 - $8,502']"
Gables Turtle Creek Cityplace,"['$1,720 - $5,265']"
Gables Villa Rosa,"['$1,737 - $4,630']"
Gables Water Street,"['$1,816 - $5,299']"
Galleries at Park Lane Apartment Homes,['Call for Rent']
Gallery At Turtle Creek,"['$1,509 - $2,945']"
Gardens of Denton,"['$1,207 - $1,939']"
Gardens of Valley Ranch,"['$1,046 - $2,136']"
Gardens on Walnut RGLLC,"['$765 - $1,250']"
Gateway East at the Arts District,"['?' '$1,350 - $3,700']"
Gateway(old),"['$1,109 ']"
Glass House by Windsor,"['$2,260 - $8,181']"
Glendale Oaks Apartments,"['$975 - $1,395']"
Good Haven Apartments,"['$1,050 - $1,210']"
Gramercy on the Park,"['$1,787 - $4,078' '$1,336 - $2,436' '$1,235 - $3,120']"
Grand Estates @ Kessler Park,"['$1,170 - $1,949']"
Grand Reserve,"['$2,105 - $3,519']"
Grand Seasons Apartment Homes,"['$1,200 - $2,663']"
Grant Valley Ranch,"['$1,530 - $2,555']"
Greenway Patio,"['$1,750 - $1,810']"
HAMPTON PLAZA AT KESSLER PARK,['?']
HAVEN AT LAKE HIGHLANDS,"['$1,526 - $4,141']"
Halston,"['$1,404 - $2,682' '$1,235 - $2,650' '$970 - $1,660']"
Halston on Frankford,"['$1,483 - $2,653']"
Harvest Lofts,"['$1,548 - $3,138']"
Haskell Flats,['Call for Rent']
Haus 2828,"['$2,120' '$1,268 - $2,719' '$1,268 - $2,719' '$2,120 ']"
Heatherstone,"['$1,013 - $1,714']"
Hickory Creek Ranch,"['$1,442 - $2,893']"
Hidden Bend Townhomes,"['$1,359 - $2,048']"
Highlands of Valley Ranch,"['$1,378 - $2,418']"
Hillburn Hills Apartments,"['$1,220 - $1,600']"
Holden Green Townhomes and Garden Homes,"['$1,470 - $2,242' '$855 - $1,625']"
Holiday Hills,"['$1,069 - $1,515']"
Holiday Hills II,['Call for Rent']
Holly Hills,"['$1,155 - $1,975']"
Holly Tree,"['$850 - $1,050']"
Hue at Cityplace,"['$1,557 - $3,589']"
Hunter's Creek Apartments,"['$1,495 - $2,770']"
Hunters Hill,"['$1,174 - $2,001']"
Hyde Park at Valley Ranch,"['$1,155 - $2,145']"
ICON at Ross,"['$1,340 - $3,195']"
IMT Lakeshore Lofts,"['$1,625 - $2,480']"
IMT Prestonwood,"['$1,265 - $2,190']"
Iconic Village,"['$660 - $1,085']"
Indie Deep Ellum,"['$1,395 - $3,770']"
Infinity on the Point,"['$1,315 - $1,924']"
Interurban Building,"['$1,495 - $3,550']"
Inwood On The Park,"['$1,270 - $1,875']"
Inwood Station Apartments,"['$1,455 - $3,845']"
Iron Landings,"['$895 - $1,369']"
Ivy Urban Living,"['$979 - $2,403' '$1,099 - $2,433']"
JEFFERSON LUMEN,"['$1,482 - $3,706']"
Jefferson Innova,"['$1,516 - $3,560']"
Jewel on Landmark,"['$1,535 - $2,435' '$2,996 - $10,241' '$1,535 - $2,440']"
Kensington Square Apartments,"['$1,245 - $2,545']"
Keystone Falls Apartments,"['$1,365 - $3,370']"
L2 Uptown,"['$1,559 - $4,030']"
LANDMARK,"['$1,735 - $3,090']"
LE PARC,"['?' '$815 - $1,595']"
LTD West Commerce,"['$1,375 - $4,031']"
LTV Tower Apartments,"['$1,620 - $3,740']"
La Cima Newport Condos,"['$1,474 - $3,034']"
La Costa Villas,"['$1,465 - $3,155' '$1,866 - $5,723' '$1,866 - $5,723' '$1,465 - $3,155']"
La Mirada,"['$1,295 - $2,206']"
La Prada Place Apartments,"['$950 - $1,125']"
La Valencia,"['$1,219 - $2,079']"
La Villita Lakeside and Landings,"['$1,478 - $6,212']"
LaSalle,"['$1,518 - $2,621']"
Lakeside Apartments,"['$1,065 - $2,678']"
Lakeside Urban Center,"['$1,512 - $2,855']"
Lakeview Apartments,"['$1,798 - $2,938']"
Lakeview At Parkside,"['$1,052 - $2,715']"
Lakeview Pointe - 55+ Community,"['$984 - $1,256']"
Lakewood Flats Apartments,"['$1,318 - $2,596']"
Lakewood Manor,"['$1,499 - $1,750']"
Lakewood on the Trail,"['$910 - $1,395' '$1,325 - $2,390']"
Lana Apartments,"['$1,024 - $1,454']"
Lancaster Urban Village Apartments,"['$1,000 - $3,069']"
Landings at Bluff Ridge Apartments,"['$1,325 - $2,390' '$1,063 - $1,230']"
Landmark at Gleneagles Apartment Homes,"['$1,125 - $3,672']"
Larq Henderson,"['$1,410 - $4,110']"
Las Lomas Apartment Homes,"['$915 - $1,255' '$1,048 - $1,560']"
Lavera at Lake Highlands,"['$1,374 - $2,206' '$1,238 - $2,206']"
Layers Galleria,"['$1,530 - $2,355' '$1,277 - $2,806' '$2,005 - $19,400' '$1,530 - $2,355']"
Lennox West Village,"['$1,147 - $5,325']"
Lexington Apartment Homes,"['$1,358 - $2,659']"
Links on Gaston,"['$1,100 - $1,350']"
Live Oak at the Branch,"['$1,520 - $4,045']"
Locale,"['$1,350 - $3,692' '$1,417 - $2,121']"
Lochwood Manor,"['$1,049 - $1,600']"
Loft and Row,"['$1,448 - $7,850']"
Loft on Louise,"['$1,045 ']"
Lofts at Mockingbird Station Apartments,"['$1,230 - $3,120' '$1,300 - $4,895' '$2,217 - $5,285']"
London Park,"['$1,144 - $1,863']"
London Square Apartments,"['$935 - $1,075']"
Lone Star Apartments,"['$900 - $1,150']"
Longhorn Cove Townhomes,"['$1,835 - $1,955']"
Los Altos Trinity Green,"['$1,267 - $5,797']"
Lucia Apartments,"['$1,286 - $1,589']"
Luna Blanca,"['$959 - $1,279']"
Luxe at Mercer Crossing,"['$1,547 - $4,895']"
Luxia Gallery House North,"['$1,304 - $3,229']"
Luxia Gallery House South,"['$1,304 - $3,264' '$2,301 - $6,852' '$1,304 - $3,264']"
Luxia Midtown Park,"['$1,318 - $5,162']"
Luxia Swiss Ave,"['$1,421 - $3,865']"
MAA Addison Circle,"['$1,110 - $4,465']"
MAA Bella Casita,"['$1,543 - $3,813']"
MAA Gallery,"['$3,415 - $4,875']"
MAA Heights,"['$1,520 - $4,455']"
MAA Highlands North,"['$1,143 - $4,323']"
MAA Katy Trail,"['$1,745 - $4,450']"
MAA Las Colinas,"['$1,423 - $4,408']"
MAA Market Center,"['$1,403 - $5,198']"
MAA McKinney Avenue,"['$1,400 - $4,910']"
MAA McKinney Avenue II,"['$1,285 - $3,845']"
MAA Medical District,"['$1,388 - $3,500']"
MAA Meridian,"['$1,840 - $6,248']"
MAA North Hall,"['$1,438 - $4,280']"
MAA Uptown Village,"['?' '$1,418 - $3,845']"
MAA Worthington,"['$1,615 - $4,455']"
MACK PARK,"['$910 - $1,400']"
MacArthur Ridge Apartments,"['$1,294 - $3,180']"
Macallan on Ross,"['$1,240 - $2,195']"
Maddox,"['$1,555 - $2,290']"
Maderas Apartments,"['$900 - $1,400']"
Magnolia Gardens - NO AVAILABILITY,"['$1,300 - $1,500']"
Magnolia Trace Apartments,['Call for Rent']
Main 3 Downtown,"['$1,387 - $2,954']"
Majestic Parc Apartments,"['$1,308 - $1,899']"
Manchester House,"['$775 - $1,450']"
Manchester State Thomas,"['$1,200 - $1,500' '$1,943 - $4,499']"
Manor House Apartments,"['$1,225 - $2,950']"
Manor Oaks,"['$1,195 ']"
Maple District Lofts,"['$1,336 - $2,436' '$1,231 - $2,798' '$2,120' '$1,336 - $2,436']"
Maple at Med Center,"['$1,231 - $2,798' '$1,440 - $3,317' '$1,440 - $3,317' '$1,231 - $2,791']"
Marbella,"['$895 - $1,150']"
Marquis at Texas Street,"['$900 - $1,375' 'Call for Rent']"
Marquis of State Thomas,['Call for Rent']
Marquis on Gaston,['Call for Rent']
Maverick Oak Lawn,"['$923 - $1,643']"
McCallum Communities,"['$850 - $1,250']"
McCallum Highlands,"['$1,050 - $2,000']"
McKinney Uptown,"['$2,049 - $3,803']"
Meadow Parc,"['$1,260 - $2,040']"
Meadowcrest Apartments,"['$990 - $2,240']"
Meadows Crossing Apartments,"['$1,050 - $1,500']"
Melody Parc Residences,"['$775 - $1,400']"
Melville,"['?' '$1,140 - $2,090']"
Mercer 1900,"['$1,500 - $3,355']"
Metropolitan at Cityplace,"['$1,285 - $2,110']"
Midpark Towers,"['$1,001 - $1,240']"
Midway Urban Village,"['$1,400 - $3,850']"
Mill House,"['$969 - $1,573']"
Millennium Dallas,"['$1,150 - $1,735']"
Millennium Place Apartments,"['$1,449 - $2,034']"
Miro,"['$1,717 - $4,316']"
Mission Fairways,"['$1,349 - $1,984']"
Mitchell Lofts,"['$1,617 - $3,861']"
Mockingbird Flats,"['$1,172 - $2,431' '$1,770 - $3,865' '$1,305 - $4,880']"
Moda Apartments,"['$1,638 - $3,189']"
Modena,"['$1,409 - $2,764']"
Modera Katy Trail,"['$1,999 - $6,124']"
Mondrian West Village,"['$1,970 - $6,524']"
Monterra Las Colinas Apartments,['Call for Rent']
Mosaic Dallas,"['$1,602 - $5,297']"
Mount Vernon,"['$1,170 - $3,880']"
Mountain Creek Apartments,"['$875 - $1,707']"
Muse,"['$790 - $2,307']"
Muse at Midtown,"['$1,125 - $2,835']"
Nantucket Island Apartments,['?']
Neo At Midtown,"['$1,260 - $2,480']"
Noel on the Parkway,"['$1,123 - $2,474']"
Nolen Grand Apartments,"['$1,076 ']"
North Creek Dallas,"['$800 - $1,699']"
North Star,"['$895 - $1,580']"
Novel Turtle Creek,"['$2,925 - $16,850' '$2,925 - $16,850']"
Nuvo Andorra,"['$1,099 - $1,300']"
Nuvo Gaston 5402,"['$1,495 - $1,795']"
Nuvo Park Place,"['$999 - $1,550']"
Oak Glen Apartments,"['$1,065 - $1,851']"
Oak Meadows Apartments,"['$980 - $3,713']"
Oaks Trinity,"['$1,199 - $2,731']"
Oaks White Rock,"['?' '$1,170 - $2,860']"
Oaks at Duck Creek,"['$1,030 - $3,181']"
Oaks at North Dallas,"['$1,314 - $1,839']"
Oaks of Denton,"['$735 - $1,620']"
Oakwood Creek,"['$1,325 - $1,575']"
Oasis,"['$684 - $3,029']"
Old Shepard Place,['Call for Rent']
One Dallas Center,"['$2,217 - $5,285' '$1,425 - $5,965']"
One Uptown,"['$2,224 - $6,949']"
Orchards Market Plaza 55+ Active Senior Li...,"['$1,750 - $2,663' '$1,750 - $2,663']"
Overton Park Apartments,"['$950 - $1,560']"
Paces Cove,"['$1,428 - $3,464']"
Paces Crossing,"['$1,086 - $2,076']"
Pacifica,"['$1,021 - $1,312']"
Paragon Apartments,"['$1,050 - $1,250']"
Parc at White Rock,"['$1,295 - $3,199']"
Parea Oak Lawn,"['$1,095 - $1,745']"
Park 5940 MD,"['$1,460 - $3,743']"
Park Fountains,"['$1,684 - $2,460']"
Park Hill,"['$1,355 - $2,590']"
Park Lane,"['$1,273 - $1,830']"
Park Place,"['$1,250 ']"
Park West,"['$905 - $1,575' '$1,509 - $2,571']"
Park at Bayside,"['$1,351 - $4,839']"
Park on Greenville,"['$1,114 - $2,310']"
Parkford Oaks Apartments,"['$975 - $1,405']"
Parks at Walnut,"['$940 - $1,575']"
Parmore Arcadia Trails,"['$867 - $1,474']"
Paseo,"['$1,170 - $2,555' '$3,275 - $3,800']"
Pavilion Townplace,"['$1,399 - $4,370' '$2,104 - $6,911']"
Paxton at Lake Highlands,"['$1,210 - $2,080']"
Pear Ridge,"['$1,185 - $1,665']"
Pecan Creek on McKinney Apartments,"['$1,159 - $1,477']"
Pecan Grove Apartments,"['$725 - $1,195']"
Pecan Square,"['$945 - $1,675']"
Pegasus Villas 62+ Apartments,"['$961 - $1,350']"
Pike West Commerce,"['$1,378 - $2,235']"
Pinnacle Ridge,"['$892 - $2,188']"
Plum Meadow,"['$899 - $1,199' '$799 - $1,449']"
Prairie Commons,"['$1,048 - $1,560']"
Prairie Crossing,"['$1,495 - $3,995']"
Prairie Gate Community,"['$1,500 - $2,525' '$1,500 - $2,525']"
Prairie Hollow Apartments,['$780 - $950']
Preserve at Pecan Creek,"['$1,209 - $2,149']"
Preston Bend,"['$1,499 - $6,685' '$1,251 - $1,949']"
Preston Creek,"['$1,431 - $3,742']"
Preston Heights Apartments,"['$2,073 - $2,869' '$799 - $1,449' '$2,073 - $2,869']"
Preston Hollow Village,"['$1,709 - $7,763']"
Preston Pointe,"['$1,144 - $1,770']"
Preston Valley,"['$967 - $1,126']"
Preston Villas,"['$1,032 - $1,833']"
Prestonwood Trails,"['$1,145 - $1,815']"
Prime at Lake Highlands,"['$1,039 - $1,815']"
Princeton Court,"['$1,550 - $2,560' '$900 - $1,375']"
Promenade at Las Colinas,"['$1,383 - $3,882']"
Quincy Court,"['$1,249 - $1,649']"
Rancho Palisades,"['$1,315 - $1,855']"
Redbird Trails Apartments,"['$1,099 - $2,433' '$967 - $1,126']"
Reese Court Villas,['Call for Rent']
Regal Court Apartments,"['$1,105 - $1,800']"
Regal Crossing,"['$1,063 - $1,230' '$900 - $1,055']"
Renaissance at Preston Hollow,"['$2,021 - $21,880']"
"Rent to Own Updated Home with $15,000 Down...","['$2,450 ']"
Reserve at White Rock,"['$1,299 - $2,594']"
Residence at Lake Highlands,"['$897 - $2,183']"
Residences at The Grove,"['$1,820 - $12,618']"
Residences at The Union,['Call for Rent']
Retreat at Lake Highlands,"['$1,020 - $1,525']"
Reveal at Bayside,"['$1,338 - $3,556']"
Reveal on the Lake,"['$1,369 - $4,458']"
Richland Park,"['$1,400 - $2,601']"
Richland Village Apartments,['?']
Richmond,"['$1,205 - $2,490']"
Ridge Parc,"['$980 - $1,940']"
Ridgecrest,"['$1,100 - $1,609']"
Rienzi at Turtle Creek,"['$2,485 - $4,776']"
Rio Estates Apartments,"['$916 - $1,191']"
River Park,"['$1,130 - $1,575']"
Riverfalls @ Bellmar,"['$1,432 - $2,434' '$1,025 - $1,490']"
Riverside Park,"['$1,455 - $2,712']"
Riverstation,"['$1,251 - $1,599']"
Riviera Apartments,['?']
Riviera at West Village,"['$1,693 - $10,971']"
Robson Ranch Home Adult Living,"['$3,000 ']"
Rock Creek,"['$1,016 - $1,969']"
Rockwall Commons,"['$1,440 - $1,823']"
Rosemont at Lakewest,"['$895 - $1,515']"
Rosemont at Meadow Lane,"['$1,104 - $1,699' 'Call for Rent']"
Rosemont at Mission Trails,['?']
Ross + Peak,"['$1,367 - $4,351']"
SKYE of Turtle Creek,"['?' '$1,787 - $4,078']"
STARDUST,"['$1,007 - $1,835']"
SYNC at West Dallas,"['$1,280 - $2,500']"
Sage Hill at Cypress Waters,"['$1,720 - $20,986']"
Santa Fe Apartments,['?']
Santa Fe Trails Apartments,"['$839 - $1,479']"
Savoye,"['$1,226 - $2,138']"
Sedona Ridge,"['?' '$875 - $1,400']"
Sequoia Park Apartments,['Call for Rent']
Seville @ Bellmar,"['$1,768 - $3,093']"
Seville Uptown,"['$1,336 - $2,436' '$1,532 - $2,696']"
Shoreview Flats,"['$1,430 - $4,136']"
Signature at Southern Oaks,"['$957 - $1,645']"
Silver Creek,"['$800 - $1,527' '$1,073 - $1,815']"
SkyHouse Dallas Apartments,"['$1,145 - $2,885' '$1,770 - $3,875']"
Skye Isle Apartments,"['$950 - $1,730']"
Skyline Farmers Market,"['$1,445 - $2,965']"
Skyline Place Apartments,"['$885 - $1,170']"
Skyline Trinity,"['$1,264 - $2,734']"
Skyline at Kessler,"['$900 - $2,025']"
Slate Apartments,"['$1,010 - $1,935']"
Slate At Cole,"['$1,709 - $2,977']"
Sloane Street,"['$1,366 - $6,661']"
Soho,"['$1,135 - $1,320']"
Solaire Apartments,"['$1,403 - $1,671']"
Solarium Apartments,"['$1,200 ']"
Sonterra at Buckingham,"['$1,209 - $2,089']"
South Side Flats,"['$1,180 - $2,990']"
"Spacious 4 Bedroom Home in Denton, TX!!","['$2,165 ']"
Spring Creek Apartments,"['$1,320 - $2,135']"
Spring Hollow Apartments,"['?' '$925 - $1,250']"
Spring Parc,"['$939 - $2,023']"
Square9 Apartment Homes,"['$1,074 - $1,742']"
St Croix Apartments,"['$1,120 - $1,230']"
St. Augustine Estate,"['$1,257 ']"
St. James,"['$1,835 - $4,010' '$1,835 - $4,010' '$1,835 - $4,010']"
St. Marin,"['$1,365 - $7,151']"
St. Moritz Apartments,"['$998 - $2,082' '$1,499 - $6,685']"
Starlite,['$625 - $705']
State Thomas Ravello,"['$1,852 - $9,805']"
Stella Apartments,"['$1,720 - $3,295']"
Strata Apartments,"['$1,099 - $1,879' '$1,725 - $3,100']"
Struga Place,"['$1,095 ']"
Summer Hill Apartments,"['$889 - $1,499']"
Summerwood Cove,"['$1,010 - $2,265']"
Sunstone Village a 55+ Active Adult Cottages,"['$1,500 - $2,225']"
Sutton Place,"['$1,025 - $2,678']"
Sweetwater at Buckingham,"['$1,152 - $2,215']"
Swiss Court (old),"['$800 - $1,600']"
Sylvan Thirty,"['$1,357 - $2,671']"
THE ARTS,"['$925 - $1,515' '$1,428 - $3,464']"
THIRTY377,"['$1,231 - $2,798' '$1,881 - $3,368']"
TRELLIS NORTH DALLAS,"['$1,600 - $1,800']"
Taylor Lofts,"['$1,316 - $3,136']"
Tenison at White Rock,"['$1,284 - $1,904']"
Terra Lago,"['$1,270 - $2,327']"
Tesoro at 12,"['$1,035 - $1,395']"
The Alexan,"['$1,655 - $6,303']"
The Alista,"['$903 - $1,779']"
The Alona,"['$1,321 - $4,428']"
The Anderson,['Call for Rent']
The Annex,"['$955 - $1,615']"
The Antero,"['$1,150 - $1,850']"
The Arches at Park Cities,"['$1,253 - $6,419']"
The Argyle,"['$1,441 - $2,701' '$1,726 - $3,651']"
The Arts Apartments at Broadway Commons,"['$1,150 - $2,427']"
The Ashley at Bluffview,"['$1,415 - $1,925']"
The Ashton,['?']
The Atlantic Highland Park,"['$1,227 - $4,095']"
The Austin at Trinity Green,"['$1,280 - $2,480' '$2,073 - $2,869' '$1,280 - $2,480']"
The Avery on Southwestern,"['$1,035 - $1,930' '$1,362 - $2,779']"
The Ayva at Oaklawn,"['$1,030 - $1,680']"
The Azul,"['$838 - $1,514']"
The Beckham,"['$656 - $1,550']"
The Beckley on Trinity | BRAND-NEW LUXURY ...,"['$1,275 - $2,915']"
The Biltmore,"['$915 - $1,550']"
The Blake,"['$695 - $1,665' '$695 - $1,665']"
The Blvd,"['$1,490 - $2,200']"
The Booker,"['$1,135 - $1,760']"
The Boxtree Apartments,"['$1,355 - $2,653']"
The Brazos,"['$731 - $1,988' '$1,352 - $2,653']"
The Briscoe,"['$1,509 - $2,945' '$1,366 - $1,520' '$1,836 - $4,592' '$1,509 - $2,945']"
The Brixton Apartments,"['$1,330 - $2,805']"
The Brooklyn @9590,"['$960 - $1,996' '$960 - $1,996']"
The Brookmoore,"['$950 - $1,300']"
The Caleb,"['$715 - $3,477']"
The Callie,"['$1,131 - $2,449']"
The Canal,"['$1,395 - $2,400']"
The Caruth Premier Townhome Apartments,"['$1,856 - $8,385']"
The Case Building,"['$1,570 - $3,737' '$1,712 - $3,341' '$1,570 - $3,737']"
The Cayman Las Colinas,"['$1,642 - $2,904']"
The Cluster Apartments,"['$700 - $1,200']"
The Colony House,"['$1,189 - $1,699']"
The Courts at Preston Oaks,"['$1,239 - $3,299']"
The Crosby,"['$1,492 - $2,878']"
The Crosby at the Brickyard Apartment Homes,"['$1,450 - $3,850']"
The Crossing Apartments,['$850 - $900']
The Declan,"['$937 - $1,800']"
The Dominion Apartments,"['$900 - $1,100']"
The Doral & Monfort Valley,"['$945 - $1,505']"
The Dorchester Apartments,"['$1,180 - $2,210']"
The Drake at White Rock,"['$2,064 - $12,235']"
The Drakestone,"['$1,671 - $15,102']"
The Dylan,"['$1,615 - $3,718']"
The Edge,"['$820 - $1,615']"
The Edison,"['$760 - $3,130']"
The Ellington Apartments,"['$1,570 - $3,015']"
The Estara Apartments,"['$955 - $1,475']"
The Everly,"['$661 - $2,227']"
The Finley,"['$955 - $1,671']"
The Fitz Apartments,"['$1,503 - $3,339']"
The Flamingo,"['$1,650 - $1,700']"
The Flats,"['$1,349 ']"
The Flats at Cypress Waters,"['$1,895 - $2,636']"
The Fountains Apartments,"['$1,449 - $2,125']"
The Gabriella,['Call for Rent']
The Galbraith,"['$1,300 - $2,500']"
The Gannett,"['$1,300 - $1,800']"
The Gentry on M Streets,"['$1,515 - $2,850']"
The Georgian,"['$1,135 - $1,695']"
The Glen at Highpoint,"['$959 - $1,502']"
The Granada,"['$790 - $1,090']"
The Greens of Hickory Trails,"['$699 - $1,505' '$1,395 - $1,845']"
The Hamilton,"['$1,826 - $5,137' '$1,354 - $2,048' '$1,826 - $4,915']"
The Hampton on Jupiter,"['$1,007 - $1,835' '$1,233 - $2,637' '$1,850 - $14,855' '$1,010 - $1,835']"
The Hamptons,"['$1,012 - $2,150']"
The Hamptons on Swiss,"['$1,445 - $6,500']"
The Harlowe,"['$1,095 - $1,525']"
The Heights at Park Lane,"['$1,463 - $8,055']"
The Henderson,"['$1,683 - $4,167']"
The Herschel,"['$1,140 - $2,090' '$1,970 - $3,250']"
The Hive Apartments,"['$970 - $1,350']"
The Holden,"['$1,285 - $2,045']"
The Jordan by Windsor,"['$1,305 - $4,880' '$1,200 - $2,405']"
The Kendrick,"['$1,115 - $2,455']"
The Kirby,"['$1,305 - $4,710']"
The Kontour at Kessler Park,"['$1,460 - $3,035' '$1,978 - $4,175' '$1,460 - $3,035']"
The Lake Lofts LP,"['$1,025 - $1,575']"
The Lana,"['$1,270 - $2,850']"
The Langford by ARIUM,"['$1,235 - $2,943']"
The Lex,"['?' '$1,099 - $1,879']"
The Life at Stone Crest,['Call for Rent']
The Link,"['$978 - $5,071']"
The Lodge at Pecan Creek,"['$1,628 - $2,150']"
The Lookout,"['$1,387 - $3,727']"
The Loop,"['$1,050 - $1,650']"
The Loren Apartments,"['$1,120 - $2,620']"
The Lucas Apartments,"['$1,355 - $2,355']"
The Luxe at Rowlett 55+,"['$1,536 - $2,000']"
The Lyndon,"['$1,097 - $2,216']"
The Mansions at Mercer Crossing,"['$1,607 - $5,838']"
The Marion,"['$771 - $2,151']"
The Mark At Denton,"['$1,425 - $2,625']"
The Mayflower Apartments,"['$1,355 - $3,320']"
The Merc,"['$1,455 - $2,372']"
The Monet Apartments,"['$989 - $1,699']"
The Monroe,"['$1,313 - $1,643']"
The Monterey by Windsor,"['$1,835 - $7,100']"
The Nash,['Call for Rent']
The National Residences,"['$2,505 - $7,950' '$2,505 - $7,950']"
The Oaks,"['$985 - $1,120']"
The Oaks at Valley Ranch,"['$1,280 - $2,281']"
The Park on Preston,"['Call for Rent' '$1,089 - $1,623']"
The Pavilions,"['$1,166 - $5,241']"
The Pearl On Frankford,"['$875 - $1,400' '$1,277 - $2,806']"
The Pearl on University,['$925 ']
The Premier at Prestonwood,"['$1,489 - $1,999']"
The Quarter,['$655 ']
The Regent,"['$1,170 - $1,870']"
The Republic West Apartments,"['$1,005 - $1,810']"
The Reserve at Lake Highlands,"['$1,073 - $1,815' '$1,069 - $1,350']"
The Residences Of North Dallas - Phase 1,"['$2,104 - $6,911' '$967 - $1,701']"
The Retreat,"['$1,495 - $2,460']"
The Retreat @ 3737,"['$970 - $1,660' '$1,180 - $1,525']"
The Ridge on Spring Valley,"['$1,256 - $1,955']"
The Sanford,"['$1,224 - $1,494']"
The Sawyer,"['$1,705 - $4,175']"
The Saxony Apartments,"['$1,145 - $2,885' '$2,120' '$1,175 - $2,885']"
The Shasta,"['$1,486 - $1,810']"
The Shelton,['?']
The Sophia Apartments,"['$1,110 - $2,845']"
The Southwestern,"['$1,530 - $2,355' '$1,233 - $2,637']"
The Standard,"['$1,943 - $4,679' '$1,550 - $2,560']"
The Statler Residences,"['$1,866 - $5,723' '$1,513 - $2,740' '$2,217 - $5,285' '$1,866 - $5,723']"
The Taylor,"['$1,724 - $5,394' '$1,831 - $6,168']"
The Timbers,"['$1,055 - $1,902']"
The Towers at Mercer Crossing,"['$1,566 - $5,185']"
The Trails of Valley Ranch,"['$1,374 - $2,060']"
The Trellis at Lake Highlands,"['$1,190 - $2,130']"
The Venue,"['$709 - $2,157']"
The Versailles Apartments,"['$913 - $2,084']"
The Viceroy,['?']
The Victor,"['$2,130 - $16,543']"
The Village Bend,"['$1,335 - $2,615']"
The Village Chase,"['$1,570 - $2,820']"
The Village Corners,"['$1,190 - $2,350']"
The Village Dakota,"['$1,830 - $5,325']"
The Village Dallas,"['$932 - $1,450' '$1,445 - $6,500']"
The Village Drey,"['$1,675 - $6,964']"
The Village Green,"['$1,435 - $2,173']"
The Village Hill,"['$1,400 - $3,630']"
The Village Lakes,"['$1,380 - $3,260']"
The Village Northbridge,"['$1,830 - $4,750']"
The Village Park,"['$1,295 - $3,090']"
The Village Residences,"['$850 - $1,650']"
The Village Upper East Side,"['$2,075 - $4,310']"
The Villas of Remond,"['$889 - $1,290']"
The Vincent,"['$1,420 - $3,860']"
The Vista,"['$1,425 - $5,965' '$1,712 - $3,341']"
The Vista at Rayzor Ranch,"['$1,630 - $2,405']"
The Waverly,"['$1,021 - $1,621']"
The Way Apartments,['?']
The Whitney,['Call for Rent']
The Willows on Rosemeade,"['$929 - $1,770' '$1,350 - $1,750']"
The Woods at Five Mile Creek,"['$1,193 - $2,189']"
Three Fountains Apartments,"['$725 - $1,599']"
Tiburon,"['$1,205 - $1,850']"
Tides at Highland Meadows,"['$1,050 - $1,249']"
Tides at Lake Village,"['$1,065 - $1,139']"
Tides at Lakewood,"['?' '$1,200 - $1,500']"
Tides at Midtown,"['$1,000 - $2,425']"
Tides at North Dallas,"['$1,185 - $1,275']"
Tides at Park43,"['$1,485 - $1,985']"
Tides at Royal Lane North,"['$1,180 - $1,525' '$905 - $1,575']"
Tides at Valley Ranch,"['$1,745 - $2,209']"
Tides at Whispering Hills,"['$865 - $1,621']"
Tides on Esperanza,"['$743 - $1,268']"
Tides on Haverwood,"['$1,295 - $2,095']"
Tides on Larga,"['?' '$1,185 ']"
Tides on Lawler East,"['$1,215 ']"
Tides on Leisure,"['$1,025 - $1,490' '$1,104 - $1,699']"
Tides on McCallum North,"['$1,160 - $1,210']"
Tides on McCallum South,"['$1,195 ']"
Tides on Park Lane,"['?' '$915 - $1,515']"
Tides on Ranchview,"['$1,255 - $2,220']"
Tides on Rosemeade East,"['$1,025 - $1,355']"
Tides on Rosemeade West,"['$1,255 - $1,355']"
Tides on Timberglen,"['$1,970 - $3,250' '$1,145 - $1,405']"
Tides on Trinity,"['$1,245 - $2,090']"
Timber Rock,"['$1,260 - $1,365']"
Timberlinks At Denton,"['$1,143 - $2,796']"
Tivoli Apartments,"['$1,726 - $3,651' '$1,170 - $2,555']"
Tonti Lakeside,"['$1,825 - $2,695' '$1,406 - $3,167']"
Toscana Apartments,"['$1,025 - $1,880']"
Tower Village (C.H.A.M.),"['$1,000 - $1,650']"
Towne Square,"['$900 - $1,600']"
Trails of White Rock,"['?' '$1,189 - $2,249']"
Trend Design District,"['$1,280 - $3,378']"
Trinity Pines,"['$1,295 ']"
Trinity Village Apartments,"['$1,093 - $2,337']"
TwentyFive25,"['$1,246 - $1,458']"
UC Denton Student Housing,"['$599 - $1,469']"
University LOFT Apartments,"['$1,100 ']"
University Place,['$545 - $930']
Uptown @ Cole Park,"['$1,734 - $3,280']"
Uptown Trail,"['$1,725 - $5,525']"
Urban House,"['$1,228 - $1,947']"
Urban Square,"['$1,270 - $1,995']"
VERANDAH FLATS,"['$805 - $1,695']"
VILLA SORRENTO,"['$827 - $1,260']"
VV&M,"['$1,230 - $2,490']"
Vail Quarters,"['$1,115 - $3,235']"
Vail Village Apartments,"['$910 - $1,565']"
Vance at Bishop Union,"['$1,302 - $4,890']"
Vantage Point Apartments,"['$2,156 - $25,928' '$920 - $1,490']"
Ventana,"['$1,147 - $1,944']"
Verandah at Valley Ranch,"['$1,434 - $2,371']"
Verge,['Call for Rent']
Veridian Place,"['$1,124 - $1,984']"
Verlaine on the Parkway,"['$1,072 - $2,084']"
Via Las Colinas,"['$1,651 - $6,141']"
Victory Place,"['$1,506 - $6,020']"
Villa Piana Apartments,"['$1,575 - $2,960']"
Villa Vista,"['$1,395 - $1,845']"
Village On The Green,"['$1,475 - $2,545']"
Village at Rayzor Ranch,"['$1,250 - $2,599']"
Villas Del Rey,"['$915 - $1,175']"
Villas Del Tesoro Apartments,"['$957 - $1,455']"
Villas Del Zocalo 1,"['$970 - $1,660']"
Villas at Monterey,"['?' '$951 - $2,060']"
Vineyard Apartments,"['$900 - $1,150']"
Vista Buena Apartments,"['$925 - $1,415']"
Vistas At Pinnacle Park,"['$1,035 - $4,817']"
Vitae Residences,"['$823 - $1,251']"
Vitruvian West,"['$1,204 - $2,699']"
Volara Apartments,"['$800 - $1,300']"
Waterford @ Bellmar,"['$1,015 - $1,110']"
Waterford at Spencer Oaks,"['$1,092 - $1,450']"
WatersEdge Denton Apartments,"['$1,165 - $2,628']"
West Love,"['$1,260 - $3,690']"
West Mockingbird,"['$1,325 - $3,752']"
Westerly,"['$1,295 - $3,405']"
Wexler New (old),"['$850 - $1,699']"
Whitney Uptown,"['$1,640 - $4,545']"
Wilder,"['$1,285 - $2,140']"
Wildflower Apartments,['$730 - $915']
Wilshire On Mockingbird Apartments,['?']
Wimberly,"['$1,502 - $2,944']"
Windchase Apartments,"['$1,036 - $1,707']"
Windham Chase,"['$1,435 - $2,006']"
Windridge On The Parkway,"['$1,229 - $1,665']"
Windsor Fitzhugh,"['$1,675 - $7,367']"
Windsor on White Rock Lake,"['$1,425 - $3,403']"
Winsted at White Rock,"['$1,207 - $2,800']"
Woodglen Park Apartments,"['$1,024 - $1,405']"
Woodhill Apartments,"['$1,035 - $1,784']"
Woodlands of Denton,"['$1,370 - $2,000']"
Woodridge Apartments,"['$1,308 ']"
Woodside Flats,"['$710 - $1,524']"
Woodside Lane Apartments,"['$1,150 - $1,235']"
Wray North Dallas,"['$1,214 - $1,965']"
Wyndham on the Creek (new),"['$815 - $1,425']"
Yorktown Luxury Apartments,"['$1,268 - $2,719' '$699 - $1,505' '$699 - $1,505' '$1,268 - $2,719']"
Zang,"['$1,300 - $1,600']"
Zang Flats,"['$1,407 - $3,737']"
Zang Triangle,"['$1,231 - $2,849']"
Zeke Apartments,"['$1,090 - $2,210']"
